insert into movie (movie_id, title, release_date, duration, vote_average, vote_count, plot, is_adult, popularity, price,
                   primary_image_url)
values ('tt0021749', 'City Lights', '1931-3-7', '0 years 0 months 0 days 1 hours 27 mins 0 secs', 8.5, 196405,
        'With the aid of a wealthy erratic tippler, a dewy-eyed tramp who has fallen in love with a sightless flower girl accumulates money to be able to help her medically.',
        false, 0, 9.99,
        'https://m.media-amazon.com/images/M/MV5BY2I4MmM1N2EtM2YzOS00OWUzLTkzYzctNDc5NDg2N2IyODJmXkEyXkFqcGdeQXVyNzkwMjQ5NzM@._V1_.jpg'),
       ('tt0027977', 'Modern Times', '1936-2-25', '0 years 0 months 0 days 1 hours 27 mins 0 secs', 8.5, 259997,
        'The Tramp struggles to live in modern industrial society with the help of a young homeless woman.', false, 0,
        9.99,
        'https://m.media-amazon.com/images/M/MV5BM2VlMjY3N2UtN2ZjNC00MDg4LWI3ZGQtZmE4NjZkZjkwZmYzXkEyXkFqcGdeQXVyMTU3NDU4MDg2._V1_.jpg'),
       ('tt0032553', 'The Great Dictator', '1941-3-7', '0 years 0 months 0 days 2 hours 5 mins 0 secs', 8.4, 237733,
        'Dictator Adenoid Hynkel tries to expand his empire while a poor Jewish barber tries to avoid persecution from Hynkel''s regime.',
        false, 0, 9.99,
        'https://m.media-amazon.com/images/M/MV5BMmExYWJjNTktNGUyZS00ODhmLTkxYzAtNWIzOGEyMGNiMmUwXkEyXkFqcGdeQXVyNjU0OTQ0OTY@._V1_.jpg'),
       ('tt0034583', 'Casablanca', '1943-1-23', '0 years 0 months 0 days 1 hours 42 mins 0 secs', 8.5, 607084,
        'A cynical expatriate American cafe owner struggles to decide whether or not to help his former lover and her fugitive husband escape the Nazis in French Morocco.',
        false, 0, 9.99,
        'https://m.media-amazon.com/images/M/MV5BY2IzZGY2YmEtYzljNS00NTM5LTgwMzUtMzM1NjQ4NGI0OTk0XkEyXkFqcGdeQXVyNDYyMDk5MTU@._V1_.jpg'),
       ('tt0038650', 'It''s a Wonderful Life', '1947-1-7', '0 years 0 months 0 days 2 hours 10 mins 0 secs', 8.6,
        500052,
        'An angel is sent from Heaven to help a desperately frustrated businessman by showing him what life would have been like if he had never existed.',
        false, 0, 9.99,
        'https://m.media-amazon.com/images/M/MV5BZjc4NDZhZWMtNGEzYS00ZWU2LThlM2ItNTA0YzQ0OTExMTE2XkEyXkFqcGdeQXVyNjUwMzI2NzU@._V1_.jpg'),
       ('tt0043014', 'Sunset Boulevard', '1950-8-4', '0 years 0 months 0 days 1 hours 50 mins 0 secs', 8.4, 236878,
        'A screenwriter develops a dangerous relationship with a faded film star determined to make a triumphant return.',
        false, 0, 9.99,
        'https://m.media-amazon.com/images/M/MV5BMTU0NTkyNzYwMF5BMl5BanBnXkFtZTgwMDU0NDk5MTI@._V1_.jpg'),
       ('tt0044741', 'Ikiru', '1956-3-25', '0 years 0 months 0 days 2 hours 23 mins 0 secs', 8.3, 87834,
        'A bureaucrat tries to find meaning in his life after he discovers he has terminal cancer.', false, 0, 9.99,
        'https://m.media-amazon.com/images/M/MV5BZmM0NGY3Y2MtMTA1YS00YmQzLTk2YTctYWFhMDkzMDRjZWQzXkEyXkFqcGdeQXVyNTA4NzY1MzY@._V1_.jpg'),
       ('tt0045152', 'Singin'' in the Rain', '1952-4-10', '0 years 0 months 0 days 1 hours 43 mins 0 secs', 8.3, 261167,
        'A silent film star falls for a chorus girl just as he and his delusionally jealous screen partner are trying to make the difficult transition to talking pictures in 1920s Hollywood.',
        false, 0, 9.99,
        'https://m.media-amazon.com/images/M/MV5BZDRjNGViMjQtOThlMi00MTA3LThkYzQtNzJkYjBkMGE0YzE1XkEyXkFqcGdeQXVyNDYyMDk5MTU@._V1_.jpg'),
       ('tt0047396', 'Rear Window', '1954-9-1', '0 years 0 months 0 days 1 hours 52 mins 0 secs', 8.5, 523214,
        'A wheelchair-bound photographer spies on his neighbors from his Greenwich Village courtyard apartment window and, despite the skepticism of his fashion-model girlfriend, becomes convinced one of them has committed murder.',
        false, 0, 9.99,
        'https://m.media-amazon.com/images/M/MV5BNGUxYWM3M2MtMGM3Mi00ZmRiLWE0NGQtZjE5ODI2OTJhNTU0XkEyXkFqcGdeQXVyMTQxNzMzNDI@._V1_.jpg'),
       ('tt0047478', 'Seven Samurai', '1956-11-19', '0 years 0 months 0 days 3 hours 27 mins 0 secs', 8.6, 367461,
        'Farmers from a village exploited by bandits hire a veteran samurai for protection, who gathers six other samurai to join him.',
        false, 0, 9.99,
        'https://m.media-amazon.com/images/M/MV5BNTkwY2I5NWMtMjNlNi00ZThjLWI4NzQtNDI4M2I4OGM1YjAzXkEyXkFqcGdeQXVyNzYxODE3NTQ@._V1_.jpg'),
       ('tt0050083', '12 Angry Men', '1957-4-10', '0 years 0 months 0 days 1 hours 36 mins 0 secs', 9.0, 867602,
        'The jury in a New York City murder trial is frustrated by a single member whose skeptical caution forces them to more carefully consider the evidence before jumping to a hasty verdict.',
        false, 0, 9.99,
        'https://m.media-amazon.com/images/M/MV5BMWU4N2FjNzYtNTVkNC00NzQ0LTg0MjAtYTJlMjFhNGUxZDFmXkEyXkFqcGdeQXVyNjc1NTYyMjg@._V1_.jpg'),
       ('tt0050825', 'Paths of Glory', '1957-12-25', '0 years 0 months 0 days 1 hours 28 mins 0 secs', 8.4, 212818,
        'After a failed attack on a German position, a general orders three soldiers, chosen at random, court-martialed for cowardice and their commanding officer must defend them.',
        false, 0, 9.99,
        'https://m.media-amazon.com/images/M/MV5BOTI5Nzc0OTMtYzBkMS00NjkxLThmM2UtNjM2ODgxN2M5NjNkXkEyXkFqcGdeQXVyNjQ2MjQ5NzM@._V1_.jpg'),
       ('tt0051201', 'Witness for the Prosecution', '1958-2-6', '0 years 0 months 0 days 1 hours 56 mins 0 secs', 8.4,
        138252,
        'A veteran British barrister must defend his client in a murder trial that has surprise after surprise.', false,
        0, 9.99,
        'https://m.media-amazon.com/images/M/MV5BNDQwODU5OWYtNDcyNi00MDQ1LThiOGMtZDkwNWJiM2Y3MDg0XkEyXkFqcGdeQXVyMDI2NDg0NQ@@._V1_.jpg'),
       ('tt0054215', 'Psycho', '1960-9-8', '0 years 0 months 0 days 1 hours 49 mins 0 secs', 8.5, 719807,
        'A Phoenix secretary embezzles $40,000 from her employer''s client, goes on the run and checks into a remote motel run by a young man under the domination of his mother.',
        true, 0, 9.99,
        'https://m.media-amazon.com/images/M/MV5BNTQwNDM1YzItNDAxZC00NWY2LTk0M2UtNDIwNWI5OGUyNWUxXkEyXkFqcGdeQXVyNzkwMjQ5NzM@._V1_.jpg'),
       ('tt0056058', 'Harakiri', '1964-8-4', '0 years 0 months 0 days 2 hours 13 mins 0 secs', 8.6, 69036,
        'When a ronin requesting seppuku at a feudal lord''s palace is told of the brutal suicide of another ronin who previously visited, he reveals how their pasts are intertwined - and in doing so challenges the clan''s integrity.',
        false, 0, 9.99,
        'https://m.media-amazon.com/images/M/MV5BMWNmYzg5NWYtNzhiMS00NzlkLTgyOTUtYzM3MjY0NDc2YjFkXkEyXkFqcGdeQXVyNzkwMjQ5NzM@._V1_.jpg'),
       ('tt0056172', 'Lawrence of Arabia', '1962-12-11', '0 years 0 months 0 days 3 hours 38 mins 0 secs', 8.3, 314995,
        'The story of T.E. Lawrence, the English officer who successfully united and led the diverse, often warring, Arab tribes during World War I in order to fight the Turks.',
        false, 0, 9.99,
        'https://m.media-amazon.com/images/M/MV5BYWY5ZjhjNGYtZmI2Ny00ODM0LWFkNzgtZmI1YzA2N2MxMzA0XkEyXkFqcGdeQXVyNjUwNzk3NDc@._V1_.jpg'),
       ('tt0057012', 'Dr. Strangelove or: How I Learned to Stop Worrying and Love the Bomb', '1964-1-29',
        '0 years 0 months 0 days 1 hours 35 mins 0 secs', 8.4, 519089,
        'An unhinged American general orders a bombing attack on the Soviet Union, triggering a path to nuclear holocaust that a war room full of politicians and generals frantically tries to stop.',
        false, 0, 9.99,
        'https://m.media-amazon.com/images/M/MV5BMWMxYjZkOWUtM2FjMi00MmI1LThkNzQtNTM5Y2E2ZGQ2NGFhXkEyXkFqcGdeQXVyMTA0MTM5NjI2._V1_.jpg'),
       ('tt0057565', 'High and Low', '1963-11-26', '0 years 0 months 0 days 2 hours 23 mins 0 secs', 8.4, 53452,
        'An executive of a Yokohama shoe company becomes a victim of extortion when his chauffeur''s son is kidnapped by mistake and held for ransom.',
        false, 0, 9.99,
        'https://m.media-amazon.com/images/M/MV5BOTI4NTNhZDMtMWNkZi00MTRmLWJmZDQtMmJkMGVmZTEzODlhXkEyXkFqcGdeQXVyNjc1NTYyMjg@._V1_.jpg'),
       ('tt0060196', 'The Good, the Bad and the Ugly', '1967-12-29', '0 years 0 months 0 days 2 hours 58 mins 0 secs',
        8.8, 812880,
        'A bounty hunting scam joins two men in an uneasy alliance against a third in a race to find a fortune in gold buried in a remote cemetery.',
        true, 0, 9.99,
        'https://m.media-amazon.com/images/M/MV5BNjJlYmNkZGItM2NhYy00MjlmLTk5NmQtNjg1NmM2ODU4OTMwXkEyXkFqcGdeQXVyMjUzOTY1NTc@._V1_.jpg'),
       ('tt0062622', '2001: A Space Odyssey', '1968-5-12', '0 years 0 months 0 days 2 hours 29 mins 0 secs', 8.3,
        721023,
        'After uncovering a mysterious artifact buried beneath the Lunar surface, a spacecraft is sent to Jupiter to find its origins: a spacecraft manned by two men and the supercomputer HAL 9000.',
        false, 0, 9.99,
        'https://m.media-amazon.com/images/M/MV5BMmNlYzRiNDctZWNhMi00MzI4LThkZTctMTUzMmZkMmFmNThmXkEyXkFqcGdeQXVyNzkwMjQ5NzM@._V1_.jpg'),
       ('tt0064116', 'Once Upon a Time in the West', '1969-7-4', '0 years 0 months 0 days 2 hours 46 mins 0 secs', 8.5,
        349680,
        'A mysterious stranger with a harmonica joins forces with a notorious desperado to protect a beautiful widow from a ruthless assassin working for the railroad.',
        false, 0, 9.99,
        'https://m.media-amazon.com/images/M/MV5BODQ3NDExOGYtMzI3Mi00NWRlLTkwNjAtNjc4MDgzZGJiZTA1XkEyXkFqcGdeQXVyMjUzOTY1NTc@._V1_.jpg'),
       ('tt0068646', 'The Godfather', '1972-3-24', '0 years 0 months 0 days 2 hours 55 mins 0 secs', 9.2, 2017862,
        'The aging patriarch of an organized crime dynasty transfers control of his clandestine empire to his reluctant son.',
        true, 0, 9.99,
        'https://m.media-amazon.com/images/M/MV5BM2MyNjYxNmUtYTAwNi00MTYxLWJmNWYtYzZlODY3ZTk3OTFlXkEyXkFqcGdeQXVyNzkwMjQ5NzM@._V1_.jpg'),
       ('tt0071562', 'The Godfather Part II', '1974-12-18', '0 years 0 months 0 days 3 hours 22 mins 0 secs', 9.0,
        1367184,
        'The early life and career of Vito Corleone in 1920s New York City is portrayed, while his son, Michael, expands and tightens his grip on the family crime syndicate.',
        true, 0, 9.99,
        'https://m.media-amazon.com/images/M/MV5BMWMwMGQzZTItY2JlNC00OWZiLWIyMDctNDk2ZDQ2YjRjMWQ0XkEyXkFqcGdeQXVyNzkwMjQ5NzM@._V1_.jpg'),
       ('tt0073486', 'One Flew Over the Cuckoo''s Nest', '1975-11-19', '0 years 0 months 0 days 2 hours 13 mins 0 secs',
        8.7, 1074326,
        'In the Fall of 1963, a Korean War veteran and criminal pleads insanity and is admitted to a mental institution, where he rallies up the scared patients against the tyrannical nurse.',
        true, 0, 9.99,
        'https://m.media-amazon.com/images/M/MV5BZjA0OWVhOTAtYWQxNi00YzNhLWI4ZjYtNjFjZTEyYjJlNDVlL2ltYWdlL2ltYWdlXkEyXkFqcGdeQXVyMTQxNzMzNDI@._V1_.jpg'),
       ('tt0076759', 'Star Wars: Episode IV - A New Hope', '1977-5-25', '0 years 0 months 0 days 2 hours 1 mins 0 secs',
        8.6, 1452693,
        'Luke Skywalker joins forces with a Jedi Knight, a cocky pilot, a Wookiee and two droids to save the galaxy from the Empire''s world-destroying battle station, while also attempting to rescue Princess Leia from the mysterious Darth Vader.',
        false, 0, 9.99,
        'https://m.media-amazon.com/images/M/MV5BOTA5NjhiOTAtZWM0ZC00MWNhLThiMzEtZDFkOTk2OTU1ZDJkXkEyXkFqcGdeQXVyMTA4NDI1NTQx._V1_.jpg'),
       ('tt0078748', 'Alien', '1979-6-22', '0 years 0 months 0 days 1 hours 57 mins 0 secs', 8.5, 953553,
        'The crew of a commercial spacecraft encounters a deadly lifeform after investigating a mysterious transmission of unknown origin.',
        true, 0, 9.99,
        'https://m.media-amazon.com/images/M/MV5BOGQzZTBjMjQtOTVmMS00NGE5LWEyYmMtOGQ1ZGZjNmRkYjFhXkEyXkFqcGdeQXVyMjUzOTY1NTc@._V1_.jpg'),
       ('tt0078788', 'Apocalypse Now', '1979-8-15', '0 years 0 months 0 days 2 hours 27 mins 0 secs', 8.4, 711751,
        'A U.S. Army officer serving in Vietnam is tasked with assassinating a renegade Special Forces Colonel who sees himself as a god.',
        true, 0, 9.99,
        'https://m.media-amazon.com/images/M/MV5BYmQyNTA1ZGItNjZjMi00NzFlLWEzMWEtNWMwN2Q2MjJhYzEyXkEyXkFqcGdeQXVyMjUzOTY1NTc@._V1_.jpg'),
       ('tt0080684', 'Star Wars: Episode V - The Empire Strikes Back', '1980-6-18',
        '0 years 0 months 0 days 2 hours 4 mins 0 secs', 8.7, 1382736,
        'After the Rebel Alliance are overpowered by the Empire, Luke Skywalker begins his Jedi training with Yoda, while his friends are pursued across the galaxy by Darth Vader and bounty hunter Boba Fett.',
        false, 0, 9.99,
        'https://m.media-amazon.com/images/M/MV5BYmU1NDRjNDgtMzhiMi00NjZmLTg5NGItZDNiZjU5NTU4OTE0XkEyXkFqcGdeQXVyNzkwMjQ5NzM@._V1_.jpg'),
       ('tt0081505', 'The Shining', '1980-6-13', '0 years 0 months 0 days 2 hours 26 mins 0 secs', 8.4, 1109291,
        'A family heads to an isolated hotel for the winter where a sinister presence influences the father into violence, while his psychic son sees horrific forebodings from both past and future.',
        true, 0, 9.99,
        'https://m.media-amazon.com/images/M/MV5BZWFlYmY2MGEtZjVkYS00YzU4LTg0YjQtYzY1ZGE3NTA5NGQxXkEyXkFqcGdeQXVyMTQxNzMzNDI@._V1_.jpg'),
       ('tt0082096', 'Das Boot', '1982-2-10', '0 years 0 months 0 days 2 hours 29 mins 0 secs', 8.4, 264741,
        'A German U-boat stalks the frigid waters of the North Atlantic as its young crew experience the sheer terror and claustrophobic life of a submariner in World War II.',
        true, 0, 9.99,
        'https://m.media-amazon.com/images/M/MV5BNDBjMWUxNTUtNjZiNi00YzJhLTgzNzUtMTRiY2FkZmMzYTNjXkEyXkFqcGdeQXVyMTUzMDUzNTI3._V1_.jpg'),
       ('tt0082971', 'Raiders of the Lost Ark', '1981-6-12', '0 years 0 months 0 days 1 hours 55 mins 0 secs', 8.4,
        1038669,
        'In 1936, archaeologist and adventurer Indiana Jones is hired by the U.S. government to find the Ark of the Covenant before the Nazis can obtain its awesome powers.',
        false, 0, 9.99,
        'https://m.media-amazon.com/images/M/MV5BNTU2ODkyY2MtMjU1NC00NjE1LWEzYjgtMWQ3MzRhMTE0NDc0XkEyXkFqcGdeQXVyMjM4MzQ4OTQ@._V1_.jpg'),
       ('tt0086190', 'Star Wars: Episode VI - Return of the Jedi', '1983-5-25',
        '0 years 0 months 0 days 2 hours 11 mins 0 secs', 8.3, 1123655,
        'After rescuing Han Solo from Jabba the Hutt, the Rebel Alliance attempt to destroy the second Death Star, while Luke struggles to help Darth Vader back from the dark side.',
        false, 0, 9.99,
        'https://m.media-amazon.com/images/M/MV5BOWZlMjFiYzgtMTUzNC00Y2IzLTk1NTMtZmNhMTczNTk0ODk1XkEyXkFqcGdeQXVyNTAyODkwOQ@@._V1_.jpg'),
       ('tt0086879', 'Amadeus', '1984-9-19', '0 years 0 months 0 days 2 hours 40 mins 0 secs', 8.4, 428970,
        'The life, success and troubles of Wolfgang Amadeus Mozart, as told by Antonio Salieri, the contemporaneous composer who was deeply jealous of Mozart''s talent and claimed to have murdered him.',
        false, 0, 9.99,
        'https://m.media-amazon.com/images/M/MV5BNWJlNzUzNGMtYTAwMS00ZjI2LWFmNWQtODcxNWUxODA5YmU1XkEyXkFqcGdeQXVyNTIzOTk5ODM@._V1_.jpg'),
       ('tt0087843', 'Once Upon a Time in America', '1984-6-1', '0 years 0 months 0 days 3 hours 49 mins 0 secs', 8.3,
        378559,
        'A former Prohibition-era Jewish gangster returns to the Lower East Side of Manhattan 35 years later, where he must once again confront the ghosts and regrets of his old life.',
        true, 0, 9.99,
        'https://m.media-amazon.com/images/M/MV5BMmQzZjdmZDAtOGE2Yy00MmUwLTljYzgtZTMwMjk3ZDdiOWUyXkEyXkFqcGdeQXVyNjc5NjEzNA@@._V1_.jpg'),
       ('tt0088763', 'Back to the Future', '1985-7-3', '0 years 0 months 0 days 1 hours 56 mins 0 secs', 8.5, 1309917,
        'Marty McFly, a 17-year-old high school student, is accidentally sent 30 years into the past in a time-traveling DeLorean invented by his close friend, the maverick scientist Doc Brown.',
        false, 0, 9.99,
        'https://m.media-amazon.com/images/M/MV5BZmU0M2Y1OGUtZjIxNi00ZjBkLTg1MjgtOWIyNThiZWIwYjRiXkEyXkFqcGdeQXVyMTQxNzMzNDI@._V1_.jpg'),
       ('tt0090605', 'Aliens', '1986-7-18', '0 years 0 months 0 days 2 hours 17 mins 0 secs', 8.4, 764747,
        'Decades after surviving the Nostromo incident, Ellen Ripley is sent out to re-establish contact with a terraforming colony but finds herself battling the Alien Queen and her offspring.',
        true, 0, 9.99,
        'https://m.media-amazon.com/images/M/MV5BOGJkY2EyOWYtYWRmNy00ZTEzLTllMDAtYzYzYjA0ZjFhZWJjXkEyXkFqcGdeQXVyMTUzMDUzNTI3._V1_.jpg'),
       ('tt0091251', 'Come and See', '1985-9-3', '0 years 0 months 0 days 2 hours 22 mins 0 secs', 8.4, 97767,
        'After finding an old rifle, a young boy joins the Soviet resistance movement against ruthless German forces and experiences the horrors of World War II.',
        false, 0, 9.99,
        'https://m.media-amazon.com/images/M/MV5BODM4Njg0NTAtYjI5Ny00ZjAxLTkwNmItZTMxMWU5M2U3M2RjXkEyXkFqcGdeQXVyNzkwMjQ5NzM@._V1_.jpg'),
       ('tt0095327', 'Grave of the Fireflies', '1989-7-26', '0 years 0 months 0 days 1 hours 29 mins 0 secs', 8.5,
        311529, 'A young boy and his little sister struggle to survive in Japan during World War II.', false, 0, 9.99,
        'https://m.media-amazon.com/images/M/MV5BZmY2NjUzNDQtNTgxNC00M2Q4LTljOWQtMjNjNDBjNWUxNmJlXkEyXkFqcGdeQXVyNTA4NzY1MzY@._V1_.jpg'),
       ('tt0095765', 'Cinema Paradiso', '1990-2-23', '0 years 0 months 0 days 2 hours 54 mins 0 secs', 8.5, 283581,
        'A filmmaker recalls his childhood when falling in love with the pictures at the cinema of his home village and forms a deep friendship with the cinema''s projectionist.',
        false, 0, 9.99,
        'https://m.media-amazon.com/images/M/MV5BM2FhYjEyYmYtMDI1Yy00YTdlLWI2NWQtYmEzNzAxOGY1NjY2XkEyXkFqcGdeQXVyNTA3NTIyNDg@._V1_.jpg'),
       ('tt0099685', 'Goodfellas', '1990-9-21', '0 years 0 months 0 days 2 hours 25 mins 0 secs', 8.7, 1260363,
        'The story of Henry Hill and his life in the mafia, covering his relationship with his wife Karen and his mob partners Jimmy Conway and Tommy DeVito.',
        true, 0, 9.99,
        'https://m.media-amazon.com/images/M/MV5BY2NkZjEzMDgtN2RjYy00YzM1LWI4ZmQtMjIwYjFjNmI3ZGEwXkEyXkFqcGdeQXVyNzkwMjQ5NzM@._V1_.jpg'),
       ('tt0102926', 'The Silence of the Lambs', '1991-2-14', '0 years 0 months 0 days 1 hours 58 mins 0 secs', 8.6,
        1552047,
        'A young F.B.I. cadet must receive the help of an incarcerated and manipulative cannibal killer to help catch another serial killer, a madman who skins his victims.',
        true, 0, 9.99,
        'https://m.media-amazon.com/images/M/MV5BNjNhZTk0ZmEtNjJhMi00YzFlLWE1MmEtYzM1M2ZmMGMwMTU4XkEyXkFqcGdeQXVyNjU0OTQ0OTY@._V1_.jpg'),
       ('tt0103064', 'Terminator 2: Judgment Day', '1991-7-3', '0 years 0 months 0 days 2 hours 17 mins 0 secs', 8.6,
        1176598,
        'A cyborg, identical to the one who failed to kill Sarah Connor, must now protect her ten year old son John from an even more advanced and powerful cyborg.',
        true, 0, 9.99,
        'https://m.media-amazon.com/images/M/MV5BMGU2NzRmZjUtOGUxYS00ZjdjLWEwZWItY2NlM2JhNjkxNTFmXkEyXkFqcGdeQXVyNjU0OTQ0OTY@._V1_.jpg'),
       ('tt0105236', 'Reservoir Dogs', '1992-9-2', '0 years 0 months 0 days 1 hours 39 mins 0 secs', 8.3, 1090350,
        'When a simple jewelry heist goes horribly wrong, the surviving criminals begin to suspect that one of them is a police informant.',
        true, 0, 9.99,
        'https://m.media-amazon.com/images/M/MV5BZmExNmEwYWItYmQzOS00YjA5LTk2MjktZjEyZDE1Y2QxNjA1XkEyXkFqcGdeQXVyMTQxNzMzNDI@._V1_.jpg'),
       ('tt0108052', 'Schindler''s List', '1994-2-4', '0 years 0 months 0 days 3 hours 15 mins 0 secs', 9.0, 1454313,
        'In German-occupied Poland during World War II, industrialist Oskar Schindler gradually becomes concerned for his Jewish workforce after witnessing their persecution by the Nazis.',
        true, 0, 9.99,
        'https://m.media-amazon.com/images/M/MV5BNDE4OTMxMTctNmRhYy00NWE2LTg3YzItYTk3M2UwOTU5Njg4XkEyXkFqcGdeQXVyNjU0OTQ0OTY@._V1_.jpg'),
       ('tt0109830', 'Forrest Gump', '1994-7-6', '0 years 0 months 0 days 2 hours 22 mins 0 secs', 8.8, 2263112,
        'The history of the United States from the 1950s to the ''70s unfolds from the perspective of an Alabama man with an IQ of 75, who yearns to be reunited with his childhood sweetheart.',
        false, 0, 9.99,
        'https://m.media-amazon.com/images/M/MV5BNWIwODRlZTUtY2U3ZS00Yzg1LWJhNzYtMmZiYmEyNmU1NjMzXkEyXkFqcGdeQXVyMTQxNzMzNDI@._V1_.jpg'),
       ('tt0110357', 'The Lion King', '1994-6-24', '0 years 0 months 0 days 1 hours 28 mins 0 secs', 8.5, 1145052,
        'Lion prince Simba and his father are targeted by his bitter uncle, who wants to ascend the throne himself.',
        false, 0, 9.99,
        'https://m.media-amazon.com/images/M/MV5BYTYxNGMyZTYtMjE3MS00MzNjLWFjNmYtMDk3N2FmM2JiM2M1XkEyXkFqcGdeQXVyNjY5NDU4NzI@._V1_.jpg'),
       ('tt0110413', 'Léon: The Professional', '1994-11-18', '0 years 0 months 0 days 1 hours 50 mins 0 secs', 8.5,
        1248459,
        '12-year-old Mathilda is reluctantly taken in by Léon, a professional assassin, after her family is murdered. An unusual relationship forms as she becomes his protégée and learns the assassin''s trade.',
        true, 0, 9.99,
        'https://m.media-amazon.com/images/M/MV5BOTgyMWQ0ZWUtN2Q2MS00NmY0LWI3OWMtNjFkMzZlNDZjNTk0XkEyXkFqcGdeQXVyMjUzOTY1NTc@._V1_.jpg'),
       ('tt0110912', 'Pulp Fiction', '1994-10-14', '0 years 0 months 0 days 2 hours 34 mins 0 secs', 8.9, 2225613,
        'The lives of two mob hitmen, a boxer, a gangster and his wife, and a pair of diner bandits intertwine in four tales of violence and redemption.',
        true, 0, 9.99,
        'https://m.media-amazon.com/images/M/MV5BNGNhMDIzZTUtNTBlZi00MTRlLWFjM2ItYzViMjE3YzI5MjljXkEyXkFqcGdeQXVyNzkwMjQ5NzM@._V1_.jpg'),
       ('tt0111161', 'The Shawshank Redemption', '1994-10-14', '0 years 0 months 0 days 2 hours 22 mins 0 secs', 9.3,
        2896049,
        'Over the course of several years, two convicts form a friendship, seeking consolation and, eventually, redemption through basic compassion.',
        true, 0, 9.99,
        'https://m.media-amazon.com/images/M/MV5BNDE3ODcxYzMtY2YzZC00NmNlLWJiNDMtZDViZWM2MzIxZDYwXkEyXkFqcGdeQXVyNjAwNDUxODI@._V1_.jpg'),
       ('tt0112573', 'Braveheart', '1995-5-24', '0 years 0 months 0 days 2 hours 58 mins 0 secs', 8.3, 1093084,
        'Scottish warrior William Wallace leads his countrymen in a rebellion to free his homeland from the tyranny of King Edward I of England.',
        true, 0, 9.99,
        'https://m.media-amazon.com/images/M/MV5BMzkzMmU0YTYtOWM3My00YzBmLWI0YzctOGYyNTkwMWE5MTJkXkEyXkFqcGdeQXVyNzkwMjQ5NzM@._V1_.jpg'),
       ('tt0114369', 'Se7en', '1995-9-22', '0 years 0 months 0 days 2 hours 7 mins 0 secs', 8.6, 1803507,
        'Two detectives, a rookie and a veteran, hunt a serial killer who uses the seven deadly sins as his motives.',
        true, 0, 9.99,
        'https://m.media-amazon.com/images/M/MV5BOTUwODM5MTctZjczMi00OTk4LTg3NWUtNmVhMTAzNTNjYjcyXkEyXkFqcGdeQXVyNjU0OTQ0OTY@._V1_.jpg'),
       ('tt0114709', 'Toy Story', '1995-11-22', '0 years 0 months 0 days 1 hours 21 mins 0 secs', 8.3, 1070745,
        'A cowboy doll is profoundly threatened and jealous when a new spaceman action figure supplants him as top toy in a boy''s bedroom.',
        false, 0, 9.99,
        'https://m.media-amazon.com/images/M/MV5BMDU2ZWJlMjktMTRhMy00ZTA5LWEzNDgtYmNmZTEwZTViZWJkXkEyXkFqcGdeQXVyNDQ2OTk4MzI@._V1_.jpg'),
       ('tt0114814', 'The Usual Suspects', '1995-8-16', '0 years 0 months 0 days 1 hours 46 mins 0 secs', 8.5, 1147583,
        'The sole survivor of a pier shoot-out tells the story of how a notorious criminal influenced the events that began with five criminals meeting in a seemingly random police lineup.',
        true, 0, 9.99,
        'https://m.media-amazon.com/images/M/MV5BYTViNjMyNmUtNDFkNC00ZDRlLThmMDUtZDU2YWE4NGI2ZjVmXkEyXkFqcGdeQXVyNjU0OTQ0OTY@._V1_.jpg'),
       ('tt0118799', 'Life Is Beautiful', '1997-12-20', '0 years 0 months 0 days 1 hours 56 mins 0 secs', 8.6, 744839,
        'When an open-minded Jewish waiter and his son become victims of the Holocaust, he uses a perfect mixture of will, humor and imagination to protect his son from the dangers around their camp.',
        false, 0, 9.99,
        'https://m.media-amazon.com/images/M/MV5BYmJmM2Q4NmMtYThmNC00ZjRlLWEyZmItZTIwOTBlZDQ3NTQ1XkEyXkFqcGdeQXVyMTQxNzMzNDI@._V1_.jpg'),
       ('tt0119217', 'Good Will Hunting', '1998-1-9', '0 years 0 months 0 days 2 hours 6 mins 0 secs', 8.3, 1071731,
        'Will Hunting, a janitor at M.I.T., has a gift for mathematics, but needs help from a psychologist to find direction in his life.',
        true, 0, 9.99,
        'https://m.media-amazon.com/images/M/MV5BOTI0MzcxMTYtZDVkMy00NjY1LTgyMTYtZmUxN2M3NmQ2NWJhXkEyXkFqcGdeQXVyMTQxNzMzNDI@._V1_.jpg'),
       ('tt0119698', 'Princess Mononoke', '1997-7-12', '0 years 0 months 0 days 2 hours 14 mins 0 secs', 8.3, 434872,
        'On a journey to find the cure for a Tatarigami''s curse, Ashitaka finds himself in the middle of a war between the forest gods and Tatara, a mining colony. In this quest he also meets San, the Mononoke Hime.',
        false, 0, 9.99,
        'https://m.media-amazon.com/images/M/MV5BNjM3NGExNDctYmU0Yy00MTJjLThlNTItMjM4NDBjMGRiMmE5XkEyXkFqcGdeQXVyMTUzMDUzNTI3._V1_.jpg'),
       ('tt0120586', 'American History X', '1998-11-20', '0 years 0 months 0 days 1 hours 59 mins 0 secs', 8.5, 1188397,
        'Living a life marked by violence, neo-Nazi Derek finally goes to prison after killing two black youths. Upon his release, Derek vows to change; he hopes to prevent his brother, Danny, who idolizes Derek, from following in his footsteps.',
        true, 0, 9.99,
        'https://m.media-amazon.com/images/M/MV5BZTJhN2FkYWEtMGI0My00YWM4LWI2MjAtM2UwNjY4MTI2ZTQyXkEyXkFqcGdeQXVyNjc3MjQzNTI@._V1_.jpg'),
       ('tt0120689', 'The Green Mile', '1999-12-10', '0 years 0 months 0 days 3 hours 9 mins 0 secs', 8.6, 1411024,
        'A tale set on death row, where gentle giant John Coffey possesses the mysterious power to heal people''s ailments. When the lead guard, Paul Edgecombe, recognizes John''s gift, he tries to help stave off the condemned man''s execution.',
        true, 0, 9.99, 'https://m.media-amazon.com/images/M/MV5BMTUxMzQyNjA5MF5BMl5BanBnXkFtZTYwOTU2NTY3._V1_.jpg'),
       ('tt0120737', 'The Lord of the Rings: The Fellowship of the Ring', '2001-12-19',
        '0 years 0 months 0 days 2 hours 58 mins 0 secs', 8.9, 2011726,
        'A meek Hobbit from the Shire and eight companions set out on a journey to destroy the powerful One Ring and save Middle-earth from the Dark Lord Sauron.',
        false, 0, 9.99,
        'https://m.media-amazon.com/images/M/MV5BN2EyZjM3NzUtNWUzMi00MTgxLWI0NTctMzY4M2VlOTdjZWRiXkEyXkFqcGdeQXVyNDUzOTQ5MjY@._V1_.jpg'),
       ('tt0120815', 'Saving Private Ryan', '1998-7-24', '0 years 0 months 0 days 2 hours 49 mins 0 secs', 8.6, 1499473,
        'Following the Normandy Landings, a group of U.S. soldiers go behind enemy lines to retrieve a paratrooper whose brothers have been killed in action.',
        true, 0, 9.99,
        'https://m.media-amazon.com/images/M/MV5BZjhkMDM4MWItZTVjOC00ZDRhLThmYTAtM2I5NzBmNmNlMzI1XkEyXkFqcGdeQXVyNDYyMDk5MTU@._V1_.jpg'),
       ('tt0133093', 'The Matrix', '1999-3-31', '0 years 0 months 0 days 2 hours 16 mins 0 secs', 8.7, 2058266,
        'When a beautiful stranger leads computer hacker Neo to a forbidding underworld, he discovers the shocking truth--the life he knows is the elaborate deception of an evil cyber-intelligence.',
        true, 0, 9.99,
        'https://m.media-amazon.com/images/M/MV5BNzQzOTk3OTAtNDQ0Zi00ZTVkLWI0MTEtMDllZjNkYzNjNTc4L2ltYWdlXkEyXkFqcGdeQXVyNjU0OTQ0OTY@._V1_.jpg'),
       ('tt0137523', 'Fight Club', '1999-10-15', '0 years 0 months 0 days 2 hours 19 mins 0 secs', 8.8, 2330454,
        'An insomniac office worker and a devil-may-care soap maker form an underground fight club that evolves into much more.',
        true, 0, 9.99,
        'https://m.media-amazon.com/images/M/MV5BMmEzNTkxYjQtZTc0MC00YTVjLTg5ZTEtZWMwOWVlYzY0NWIwXkEyXkFqcGdeQXVyNzkwMjQ5NzM@._V1_.jpg'),
       ('tt0167260', 'The Lord of the Rings: The Return of the King', '2003-12-17',
        '0 years 0 months 0 days 3 hours 21 mins 0 secs', 9.0, 1983579,
        'Gandalf and Aragorn lead the World of Men against Sauron''s army to draw his gaze from Frodo and Sam as they approach Mount Doom with the One Ring.',
        false, 0, 9.99,
        'https://m.media-amazon.com/images/M/MV5BNzA5ZDNlZWMtM2NhNS00NDJjLTk4NDItYTRmY2EwMWZlMTY3XkEyXkFqcGdeQXVyNzkwMjQ5NzM@._V1_.jpg'),
       ('tt0167261', 'The Lord of the Rings: The Two Towers', '2002-12-18',
        '0 years 0 months 0 days 2 hours 59 mins 0 secs', 8.8, 1787835,
        'While Frodo and Sam edge closer to Mordor with the help of the shifty Gollum, the divided fellowship makes a stand against Sauron''s new ally, Saruman, and his hordes of Isengard.',
        false, 0, 9.99,
        'https://m.media-amazon.com/images/M/MV5BZGMxZTdjZmYtMmE2Ni00ZTdkLWI5NTgtNjlmMjBiNzU2MmI5XkEyXkFqcGdeQXVyNjU0OTQ0OTY@._V1_.jpg'),
       ('tt0169547', 'American Beauty', '1999-10-1', '0 years 0 months 0 days 2 hours 2 mins 0 secs', 8.3, 1212754,
        'A sexually frustrated suburban father has a mid-life crisis after becoming infatuated with his daughter''s best friend.',
        true, 0, 9.99,
        'https://m.media-amazon.com/images/M/MV5BNTBmZWJkNjctNDhiNC00MGE2LWEwOTctZTk5OGVhMWMyNmVhXkEyXkFqcGdeQXVyMTMxODk2OTU@._V1_.jpg'),
       ('tt0172495', 'Gladiator', '2000-5-5', '0 years 0 months 0 days 2 hours 35 mins 0 secs', 8.5, 1624397,
        'A former Roman General sets out to exact vengeance against the corrupt emperor who murdered his family and sent him into slavery.',
        true, 0, 9.99,
        'https://m.media-amazon.com/images/M/MV5BMDliMmNhNDEtODUyOS00MjNlLTgxODEtN2U3NzIxMGVkZTA1L2ltYWdlXkEyXkFqcGdeQXVyNjU0OTQ0OTY@._V1_.jpg'),
       ('tt0180093', 'Requiem for a Dream', '2000-12-15', '0 years 0 months 0 days 1 hours 42 mins 0 secs', 8.3, 900431,
        'The drug-induced utopias of four Coney Island people are shattered when their addictions run deep..', true, 0,
        9.99,
        'https://m.media-amazon.com/images/M/MV5BOTdiNzJlOWUtNWMwNS00NmFlLWI0YTEtZmI3YjIzZWUyY2Y3XkEyXkFqcGdeQXVyNjU0OTQ0OTY@._V1_.jpg'),
       ('tt0209144', 'Memento', '2001-5-25', '0 years 0 months 0 days 1 hours 53 mins 0 secs', 8.4, 1325448,
        'A man with short-term memory loss attempts to track down his wife''s murderer.', true, 0, 9.99,
        'https://m.media-amazon.com/images/M/MV5BZTcyNjk1MjgtOWI3Mi00YzQwLWI5MTktMzY4ZmI2NDAyNzYzXkEyXkFqcGdeQXVyNjU0OTQ0OTY@._V1_.jpg'),
       ('tt0245429', 'Spirited Away', '2003-3-28', '0 years 0 months 0 days 2 hours 5 mins 0 secs', 8.6, 852197,
        'During her family''s move to the suburbs, a sullen 10-year-old girl wanders into a world ruled by gods, witches and spirits, and where humans are changed into beasts.',
        false, 0, 9.99,
        'https://m.media-amazon.com/images/M/MV5BMjlmZmI5MDctNDE2YS00YWE0LWE5ZWItZDBhYWQ0NTcxNWRhXkEyXkFqcGdeQXVyMTMxODk2OTU@._V1_.jpg'),
       ('tt0253474', 'The Pianist', '2003-3-28', '0 years 0 months 0 days 2 hours 30 mins 0 secs', 8.5, 914975,
        'During WWII, acclaimed Polish musician Wladyslaw faces various struggles as he loses contact with his family. As the situation worsens, he hides in the ruins of Warsaw in order to survive.',
        true, 0, 9.99,
        'https://m.media-amazon.com/images/M/MV5BOWRiZDIxZjktMTA1NC00MDQ2LWEzMjUtMTliZmY3NjQ3ODJiXkEyXkFqcGdeQXVyNjU0OTQ0OTY@._V1_.jpg'),
       ('tt0317248', 'City of God', '2004-2-13', '0 years 0 months 0 days 2 hours 10 mins 0 secs', 8.6, 802635,
        'In the slums of Rio, two kids'' paths diverge as one struggles to become a photographer and the other a kingpin.',
        true, 0, 9.99,
        'https://m.media-amazon.com/images/M/MV5BMGU5OWEwZDItNmNkMC00NzZmLTk1YTctNzVhZTJjM2NlZTVmXkEyXkFqcGdeQXVyMTMxODk2OTU@._V1_.jpg'),
       ('tt0338013', 'Eternal Sunshine of the Spotless Mind', '2004-3-19',
        '0 years 0 months 0 days 1 hours 48 mins 0 secs', 8.3, 1080225,
        'When their relationship turns sour, a couple undergoes a medical procedure to have each other erased from their memories forever.',
        true, 0, 9.99, 'https://m.media-amazon.com/images/M/MV5BMTY4NzcwODg3Nl5BMl5BanBnXkFtZTcwNTEwOTMyMw@@._V1_.jpg'),
       ('tt0361748', 'Inglourious Basterds', '2009-8-21', '0 years 0 months 0 days 2 hours 33 mins 0 secs', 8.4,
        1588754,
        'In Nazi-occupied France during World War II, a plan to assassinate Nazi leaders by a group of Jewish U.S. soldiers coincides with a theatre owner''s vengeful plans for the same.',
        true, 0, 9.99,
        'https://m.media-amazon.com/images/M/MV5BOTJiNDEzOWYtMTVjOC00ZjlmLWE0NGMtZmE1OWVmZDQ2OWJhXkEyXkFqcGdeQXVyNTIzOTk5ODM@._V1_.jpg'),
       ('tt0364569', 'Oldboy', '2003-11-21', '0 years 0 months 0 days 2 hours 0 mins 0 secs', 8.3, 637599,
        'After being kidnapped and imprisoned for fifteen years, Oh Dae-Su is released, only to find that he must track down his captor in five days.',
        true, 0, 9.99, 'https://m.media-amazon.com/images/M/MV5BMTI3NTQyMzU5M15BMl5BanBnXkFtZTcwMTM2MjgyMQ@@._V1_.jpg'),
       ('tt0405094', 'The Lives of Others', '2007-3-30', '0 years 0 months 0 days 2 hours 17 mins 0 secs', 8.4, 411149,
        'In 1984 East Berlin, an agent of the secret police conducting surveillance on a writer and his lover finds himself becoming increasingly absorbed by their lives.',
        true, 0, 9.99,
        'https://m.media-amazon.com/images/M/MV5BNmQyNmJjM2ItNTQzYi00ZjMxLWFjMDYtZjUyN2YwZDk5YWQ2XkEyXkFqcGdeQXVyMjUzOTY1NTc@._V1_.jpg'),
       ('tt0407887', 'The Departed', '2006-10-6', '0 years 0 months 0 days 2 hours 31 mins 0 secs', 8.5, 1425244,
        'An undercover cop and a mole in the police attempt to identify each other while infiltrating an Irish gang in South Boston.',
        true, 0, 9.99, 'https://m.media-amazon.com/images/M/MV5BMTI1MTY2OTIxNV5BMl5BanBnXkFtZTYwNjQ4NjY3._V1_.jpg'),
       ('tt0435761', 'Toy Story 3', '2010-6-18', '0 years 0 months 0 days 1 hours 43 mins 0 secs', 8.3, 894038,
        'The toys are mistakenly delivered to a day-care center instead of the attic right before Andy leaves for college, and it''s up to Woody to convince the other toys that they weren''t abandoned and to return home.',
        false, 0, 9.99,
        'https://m.media-amazon.com/images/M/MV5BMTgxOTY4Mjc0MF5BMl5BanBnXkFtZTcwNTA4MDQyMw@@._V1_.jpg'),
       ('tt0468569', 'The Dark Knight', '2008-7-18', '0 years 0 months 0 days 2 hours 32 mins 0 secs', 9.0, 2877474,
        'When the menace known as the Joker wreaks havoc and chaos on the people of Gotham, Batman must accept one of the greatest psychological and physical tests of his ability to fight injustice.',
        false, 0, 9.99,
        'https://m.media-amazon.com/images/M/MV5BMTMxNTMwODM0NF5BMl5BanBnXkFtZTcwODAyMTk2Mw@@._V1_.jpg'),
       ('tt0482571', 'The Prestige', '2006-10-20', '0 years 0 months 0 days 2 hours 10 mins 0 secs', 8.5, 1444439,
        'After a tragic accident, two stage magicians in 1890s London engage in a battle to create the ultimate illusion while sacrificing everything they have to outwit each other.',
        false, 0, 9.99, 'https://m.media-amazon.com/images/M/MV5BMjA4NDI0MTIxNF5BMl5BanBnXkFtZTYwNTM0MzY2._V1_.jpg'),
       ('tt0816692', 'Interstellar', '2014-11-7', '0 years 0 months 0 days 2 hours 49 mins 0 secs', 8.7, 2108435,
        'When Earth becomes uninhabitable in the future, a farmer and ex-NASA pilot, Joseph Cooper, is tasked to pilot a spacecraft, along with a team of researchers, to find a new planet for humans.',
        false, 0, 9.99,
        'https://m.media-amazon.com/images/M/MV5BZjdkOTU3MDktN2IxOS00OGEyLWFmMjktY2FiMmZkNWIyODZiXkEyXkFqcGdeQXVyMTMxODk2OTU@._V1_.jpg'),
       ('tt0910970', 'WALL·E', '2008-6-27', '0 years 0 months 0 days 1 hours 38 mins 0 secs', 8.4, 1202857,
        'In the distant future, a small waste-collecting robot inadvertently embarks on a space journey that will ultimately decide the fate of mankind.',
        false, 0, 9.99,
        'https://m.media-amazon.com/images/M/MV5BMjExMTg5OTU0NF5BMl5BanBnXkFtZTcwMjMxMzMzMw@@._V1_.jpg'),
       ('tt1187043', '3 Idiots', '2009-12-25', '0 years 0 months 0 days 2 hours 50 mins 0 secs', 8.4, 435570,
        'Two friends are searching for their long lost companion. They revisit their college days and recall the memories of their friend who inspired them to think differently, even as the rest of the world called them "idiots".',
        false, 0, 9.99,
        'https://m.media-amazon.com/images/M/MV5BNTkyOGVjMGEtNmQzZi00NzFlLTlhOWQtODYyMDc2ZGJmYzFhXkEyXkFqcGdeQXVyNjU0OTQ0OTY@._V1_.jpg'),
       ('tt1345836', 'The Dark Knight Rises', '2012-7-20', '0 years 0 months 0 days 2 hours 44 mins 0 secs', 8.4,
        1831550,
        'Eight years after the Joker''s reign of chaos, Batman is coerced out of exile with the assistance of the mysterious Selina Kyle in order to defend Gotham City from the vicious guerrilla terrorist Bane.',
        false, 0, 9.99,
        'https://m.media-amazon.com/images/M/MV5BMTk4ODQzNDY3Ml5BMl5BanBnXkFtZTcwODA0NTM4Nw@@._V1_.jpg'),
       ('tt1375666', 'Inception', '2010-7-16', '0 years 0 months 0 days 2 hours 28 mins 0 secs', 8.8, 2556998,
        'A thief who steals corporate secrets through the use of dream-sharing technology is given the inverse task of planting an idea into the mind of a C.E.O., but his tragic past may doom the project and his team to disaster.',
        false, 0, 9.99,
        'https://m.media-amazon.com/images/M/MV5BMjAxMzY3NjcxNF5BMl5BanBnXkFtZTcwNTI5OTM0Mw@@._V1_.jpg'),
       ('tt15239678', 'Dune: Part Two', '2024-3-1', '0 years 0 months 0 days 2 hours 46 mins 0 secs', 8.7, 405243,
        'Paul Atreides unites with Chani and the Fremen while seeking revenge against the conspirators who destroyed his family.',
        false, 0, 9.99,
        'https://m.media-amazon.com/images/M/MV5BN2QyZGU4ZDctOWMzMy00NTc5LThlOGQtODhmNDI1NmY5YzAwXkEyXkFqcGdeQXVyMDM2NDM2MQ@@._V1_.jpg'),
       ('tt15398776', 'Oppenheimer', '2023-7-21', '0 years 0 months 0 days 3 hours 0 mins 0 secs', 8.3, 739979,
        'The story of American scientist J. Robert Oppenheimer and his role in the development of the atomic bomb.',
        true, 0, 9.99,
        'https://m.media-amazon.com/images/M/MV5BMDBmYTZjNjUtN2M1MS00MTQ2LTk2ODgtNzc2M2QyZGE5NTVjXkEyXkFqcGdeQXVyNzAwMjU2MTY@._V1_.jpg'),
       ('tt1675434', 'The Intouchables', '2011-11-2', '0 years 0 months 0 days 1 hours 52 mins 0 secs', 8.5, 931700,
        'After he becomes a quadriplegic from a paragliding accident, an aristocrat hires a young man from the projects to be his caregiver.',
        true, 0, 9.99, 'https://m.media-amazon.com/images/M/MV5BMTYxNDA3MDQwNl5BMl5BanBnXkFtZTcwNTU4Mzc1Nw@@._V1_.jpg'),
       ('tt1853728', 'Django Unchained', '2012-12-25', '0 years 0 months 0 days 2 hours 45 mins 0 secs', 8.5, 1699692,
        'With the help of a German bounty-hunter, a freed slave sets out to rescue his wife from a brutal plantation owner in Mississippi.',
        true, 0, 9.99, 'https://m.media-amazon.com/images/M/MV5BMjIyNTQ5NjQ1OV5BMl5BanBnXkFtZTcwODg1MDU4OA@@._V1_.jpg'),
       ('tt2106476', 'The Hunt', '2013-1-10', '0 years 0 months 0 days 1 hours 55 mins 0 secs', 8.3, 365344,
        'A teacher lives a lonely life, all the while struggling over his son''s custody. His life slowly gets better as he finds love and receives good news from his son, but his new luck is about to be brutally shattered by an innocent little lie.',
        true, 0, 9.99, 'https://m.media-amazon.com/images/M/MV5BMTg2NDg3ODg4NF5BMl5BanBnXkFtZTcwNzk3NTc3Nw@@._V1_.jpg'),
       ('tt2380307', 'Coco', '2017-11-22', '0 years 0 months 0 days 1 hours 45 mins 0 secs', 8.4, 592842,
        'Aspiring musician Miguel, confronted with his family''s ancestral ban on music, enters the Land of the Dead to find his great-great-grandfather, a legendary singer.',
        false, 0, 9.99,
        'https://m.media-amazon.com/images/M/MV5BYjQ5NjM0Y2YtNjZkNC00ZDhkLWJjMWItN2QyNzFkMDE3ZjAxXkEyXkFqcGdeQXVyODIxMzk5NjA@._V1_.jpg'),
       ('tt23849204', '12th Fail', '2023-10-27', '0 years 0 months 0 days 2 hours 27 mins 0 secs', 8.9, 114501,
        'The real-life story of IPS Officer Manoj Kumar Sharma and IRS Officer Shraddha Joshi.', true, 0, 9.99,
        'https://m.media-amazon.com/images/M/MV5BZWYwNmIyMzctZWJlZS00ZWVkLWEzNDMtZDU4Njc0MzdmZTNhXkEyXkFqcGdeQXVyNjAwNDUxODI@._V1_.jpg'),
       ('tt2582802', 'Whiplash', '2014-10-15', '0 years 0 months 0 days 1 hours 46 mins 0 secs', 8.5, 993510,
        'A promising young drummer enrolls at a cut-throat music conservatory where his dreams of greatness are mentored by an instructor who will stop at nothing to realize a student''s potential.',
        true, 0, 9.99,
        'https://m.media-amazon.com/images/M/MV5BOTA5NDZlZGUtMjAxOS00YTRkLTkwYmMtYWQ0NWEwZDZiNjEzXkEyXkFqcGdeQXVyMTMxODk2OTU@._V1_.jpg'),
       ('tt4154756', 'Avengers: Infinity War', '2018-4-27', '0 years 0 months 0 days 2 hours 29 mins 0 secs', 8.4,
        1207008,
        'The Avengers and their allies must be willing to sacrifice all in an attempt to defeat the powerful Thanos before his blitz of devastation and ruin puts an end to the universe.',
        false, 0, 9.99,
        'https://m.media-amazon.com/images/M/MV5BMjMxNjY2MDU1OV5BMl5BanBnXkFtZTgwNzY1MTUwNTM@._V1_.jpg'),
       ('tt4154796', 'Avengers: Endgame', '2019-4-26', '0 years 0 months 0 days 3 hours 1 mins 0 secs', 8.4, 1269795,
        'After the devastating events of Avengers: Infinity War (2018), the universe is in ruins. With the help of remaining allies, the Avengers assemble once more in order to reverse Thanos'' actions and restore balance to the universe.',
        false, 0, 9.99,
        'https://m.media-amazon.com/images/M/MV5BMTc5MDE2ODcwNV5BMl5BanBnXkFtZTgwMzI2NzQ2NzM@._V1_.jpg'),
       ('tt4633694', 'Spider-Man: Into the Spider-Verse', '2018-12-14',
        '0 years 0 months 0 days 1 hours 57 mins 0 secs', 8.4, 674193,
        'Teen Miles Morales becomes the Spider-Man of his universe and must join with five spider-powered individuals from other dimensions to stop a threat for all realities.',
        false, 0, 9.99,
        'https://m.media-amazon.com/images/M/MV5BMjMwNDkxMTgzOF5BMl5BanBnXkFtZTgwNTkwNTQ3NjM@._V1_.jpg'),
       ('tt5311514', 'Your Name.', '2017-4-7', '0 years 0 months 0 days 1 hours 46 mins 0 secs', 8.4, 322076,
        'Two teenagers share a profound, magical connection upon discovering they are swapping bodies. Things manage to become even more complicated when the boy and girl decide to meet in person.',
        true, 0, 9.99,
        'https://m.media-amazon.com/images/M/MV5BODRmZDVmNzUtZDA4ZC00NjhkLWI2M2UtN2M0ZDIzNDcxYThjL2ltYWdlXkEyXkFqcGdeQXVyNTk0MzMzODA@._V1_.jpg'),
       ('tt6751668', 'Parasite', '2019-11-8', '0 years 0 months 0 days 2 hours 12 mins 0 secs', 8.5, 963875,
        'Greed and class discrimination threaten the newly-formed symbiotic relationship between the wealthy Park family and the destitute Kim clan.',
        true, 0, 9.99,
        'https://m.media-amazon.com/images/M/MV5BYWZjMjk3ZTItODQ2ZC00NTY5LWE0ZDYtZTI3MjcwN2Q5NTVkXkEyXkFqcGdeQXVyODk4OTc3MTY@._V1_.jpg'),
       ('tt7286456', 'Joker', '2019-10-4', '0 years 0 months 0 days 2 hours 2 mins 0 secs', 8.4, 1495087,
        'During the 1980s, a failed stand-up comedian is driven insane and turns to a life of crime and chaos in Gotham City while becoming an infamous psychopathic crime figure.',
        true, 0, 9.99,
        'https://m.media-amazon.com/images/M/MV5BNGVjNWI4ZGUtNzE0MS00YTJmLWE0ZDctN2ZiYTk2YmI3NTYyXkEyXkFqcGdeQXVyMTkxNjUyNQ@@._V1_.jpg'),
       ('tt8267604', 'Capernaum', '2018-9-20', '0 years 0 months 0 days 2 hours 6 mins 0 secs', 8.4, 105878,
        'While serving a five-year sentence for a violent crime, a 12-year-old boy sues his parents for neglect.', true,
        0, 9.99,
        'https://m.media-amazon.com/images/M/MV5BMmExNzU2ZWMtYzUwYi00YmM2LTkxZTQtNmVhNjY0NTMyMWI2XkEyXkFqcGdeQXVyMTMxODk2OTU@._V1_.jpg'),
       ('tt9362722', 'Spider-Man: Across the Spider-Verse', '2023-6-2',
        '0 years 0 months 0 days 2 hours 20 mins 0 secs', 8.6, 373306,
        'Miles Morales catapults across the multiverse, where he encounters a team of Spider-People charged with protecting its very existence. When the heroes clash on how to handle a new threat, Miles must redefine what it means to be a hero.',
        false, 0, 9.99,
        'https://m.media-amazon.com/images/M/MV5BMzI0NmVkMjEtYmY4MS00ZDMxLTlkZmEtMzU4MDQxYTMzMjU2XkEyXkFqcGdeQXVyMzQ0MzA0NTM@._V1_.jpg')
ON CONFLICT DO NOTHING;

insert into genre (name)
values ('Short'),
       ('Drama'),
       ('Comedy'),
       ('Documentary'),
       ('Adult'),
       ('Action'),
       ('Romance'),
       ('Thriller'),
       ('Animation'),
       ('Family'),
       ('Crime'),
       ('Horror'),
       ('Music'),
       ('Adventure'),
       ('Fantasy'),
       ('Sci-Fi'),
       ('Mystery'),
       ('Biography'),
       ('Sport'),
       ('History'),
       ('Musical'),
       ('Western'),
       ('War'),
       ('Reality-TV'),
       ('News'),
       ('Talk-Show'),
       ('Game-Show'),
       ('Film-Noir'),
       ('Lifestyle'),
       ('Experimental'),
       ('Commercial')
ON CONFLICT DO NOTHING;

insert into movie_genre (movie_id, genre_id)
values ('tt0021749', 3),
       ('tt0021749', 2),
       ('tt0021749', 7),
       ('tt0027977', 3),
       ('tt0027977', 2),
       ('tt0027977', 7),
       ('tt0032553', 3),
       ('tt0032553', 2),
       ('tt0032553', 23),
       ('tt0034583', 2),
       ('tt0034583', 7),
       ('tt0034583', 23),
       ('tt0038650', 2),
       ('tt0038650', 10),
       ('tt0038650', 15),
       ('tt0038650', 7),
       ('tt0043014', 2),
       ('tt0043014', 28),
       ('tt0044741', 2),
       ('tt0045152', 3),
       ('tt0045152', 21),
       ('tt0045152', 7),
       ('tt0047396', 17),
       ('tt0047396', 8),
       ('tt0047478', 6),
       ('tt0047478', 2),
       ('tt0050083', 11),
       ('tt0050083', 2),
       ('tt0050825', 2),
       ('tt0050825', 23),
       ('tt0051201', 11),
       ('tt0051201', 2),
       ('tt0051201', 17),
       ('tt0051201', 8),
       ('tt0054215', 12),
       ('tt0054215', 17),
       ('tt0054215', 8),
       ('tt0056058', 6),
       ('tt0056058', 2),
       ('tt0056058', 17),
       ('tt0056172', 14),
       ('tt0056172', 18),
       ('tt0056172', 2),
       ('tt0056172', 23),
       ('tt0057012', 3),
       ('tt0057012', 23),
       ('tt0057565', 11),
       ('tt0057565', 2),
       ('tt0057565', 17),
       ('tt0057565', 8),
       ('tt0060196', 14),
       ('tt0060196', 2),
       ('tt0060196', 22),
       ('tt0062622', 14),
       ('tt0062622', 16),
       ('tt0064116', 2),
       ('tt0064116', 22),
       ('tt0068646', 11),
       ('tt0068646', 2),
       ('tt0071562', 11),
       ('tt0071562', 2),
       ('tt0073486', 2),
       ('tt0076759', 6),
       ('tt0076759', 14),
       ('tt0076759', 15),
       ('tt0076759', 16),
       ('tt0078748', 12),
       ('tt0078748', 16),
       ('tt0078788', 2),
       ('tt0078788', 17),
       ('tt0078788', 23),
       ('tt0080684', 6),
       ('tt0080684', 14),
       ('tt0080684', 15),
       ('tt0080684', 16),
       ('tt0081505', 2),
       ('tt0081505', 12),
       ('tt0082096', 2),
       ('tt0082096', 23),
       ('tt0082971', 6),
       ('tt0082971', 14),
       ('tt0086190', 6),
       ('tt0086190', 14),
       ('tt0086190', 15),
       ('tt0086190', 16),
       ('tt0086879', 18),
       ('tt0086879', 2),
       ('tt0086879', 13),
       ('tt0087843', 11),
       ('tt0087843', 2),
       ('tt0088763', 14),
       ('tt0088763', 3),
       ('tt0088763', 16),
       ('tt0090605', 6),
       ('tt0090605', 14),
       ('tt0090605', 16),
       ('tt0090605', 8),
       ('tt0091251', 2),
       ('tt0091251', 8),
       ('tt0091251', 23),
       ('tt0095327', 9),
       ('tt0095327', 2),
       ('tt0095327', 23),
       ('tt0095765', 2),
       ('tt0095765', 7),
       ('tt0099685', 18),
       ('tt0099685', 11),
       ('tt0099685', 2),
       ('tt0102926', 11),
       ('tt0102926', 2),
       ('tt0102926', 8),
       ('tt0103064', 6),
       ('tt0103064', 14),
       ('tt0103064', 16),
       ('tt0105236', 11),
       ('tt0105236', 8),
       ('tt0108052', 18),
       ('tt0108052', 2),
       ('tt0108052', 20),
       ('tt0109830', 2),
       ('tt0109830', 7),
       ('tt0110357', 9),
       ('tt0110357', 14),
       ('tt0110357', 2),
       ('tt0110357', 10),
       ('tt0110357', 15),
       ('tt0110357', 21),
       ('tt0110413', 6),
       ('tt0110413', 11),
       ('tt0110413', 2),
       ('tt0110413', 8),
       ('tt0110912', 11),
       ('tt0110912', 2),
       ('tt0111161', 2),
       ('tt0112573', 18),
       ('tt0112573', 2),
       ('tt0112573', 23),
       ('tt0114369', 11),
       ('tt0114369', 2),
       ('tt0114369', 17),
       ('tt0114369', 8),
       ('tt0114709', 9),
       ('tt0114709', 14),
       ('tt0114709', 3),
       ('tt0114709', 10),
       ('tt0114709', 15),
       ('tt0114814', 11),
       ('tt0114814', 2),
       ('tt0114814', 17),
       ('tt0114814', 8),
       ('tt0118799', 3),
       ('tt0118799', 2),
       ('tt0118799', 7),
       ('tt0118799', 23),
       ('tt0119217', 2),
       ('tt0119217', 7),
       ('tt0119698', 9),
       ('tt0119698', 6),
       ('tt0119698', 14),
       ('tt0119698', 15),
       ('tt0120586', 11),
       ('tt0120586', 2),
       ('tt0120689', 11),
       ('tt0120689', 2),
       ('tt0120689', 15),
       ('tt0120689', 17),
       ('tt0120737', 6),
       ('tt0120737', 14),
       ('tt0120737', 2),
       ('tt0120737', 15),
       ('tt0120815', 2),
       ('tt0120815', 23),
       ('tt0133093', 6),
       ('tt0133093', 16),
       ('tt0137523', 2),
       ('tt0167260', 6),
       ('tt0167260', 14),
       ('tt0167260', 2),
       ('tt0167260', 15),
       ('tt0167261', 6),
       ('tt0167261', 14),
       ('tt0167261', 2),
       ('tt0167261', 15),
       ('tt0169547', 2),
       ('tt0172495', 6),
       ('tt0172495', 14),
       ('tt0172495', 2),
       ('tt0180093', 2),
       ('tt0209144', 17),
       ('tt0209144', 8),
       ('tt0245429', 9),
       ('tt0245429', 14),
       ('tt0245429', 10),
       ('tt0245429', 15),
       ('tt0245429', 17),
       ('tt0253474', 18),
       ('tt0253474', 2),
       ('tt0253474', 13),
       ('tt0253474', 23),
       ('tt0317248', 11),
       ('tt0317248', 2),
       ('tt0338013', 2),
       ('tt0338013', 7),
       ('tt0338013', 16),
       ('tt0361748', 14),
       ('tt0361748', 2),
       ('tt0361748', 23),
       ('tt0364569', 6),
       ('tt0364569', 2),
       ('tt0364569', 17),
       ('tt0364569', 8),
       ('tt0405094', 2),
       ('tt0405094', 17),
       ('tt0405094', 8),
       ('tt0407887', 11),
       ('tt0407887', 2),
       ('tt0407887', 8),
       ('tt0435761', 9),
       ('tt0435761', 14),
       ('tt0435761', 3),
       ('tt0435761', 10),
       ('tt0435761', 15),
       ('tt0468569', 6),
       ('tt0468569', 11),
       ('tt0468569', 2),
       ('tt0468569', 8),
       ('tt0482571', 2),
       ('tt0482571', 17),
       ('tt0482571', 16),
       ('tt0482571', 8),
       ('tt0816692', 14),
       ('tt0816692', 2),
       ('tt0816692', 16),
       ('tt0910970', 9),
       ('tt0910970', 14),
       ('tt0910970', 10),
       ('tt0910970', 16),
       ('tt1187043', 3),
       ('tt1187043', 2),
       ('tt1345836', 6),
       ('tt1345836', 2),
       ('tt1345836', 8),
       ('tt1375666', 6),
       ('tt1375666', 14),
       ('tt1375666', 16),
       ('tt1375666', 8),
       ('tt15239678', 6),
       ('tt15239678', 14),
       ('tt15239678', 2),
       ('tt15239678', 16),
       ('tt15398776', 18),
       ('tt15398776', 2),
       ('tt15398776', 20),
       ('tt1675434', 3),
       ('tt1675434', 2),
       ('tt1853728', 3),
       ('tt1853728', 2),
       ('tt1853728', 22),
       ('tt2106476', 2),
       ('tt2380307', 9),
       ('tt2380307', 14),
       ('tt2380307', 2),
       ('tt2380307', 10),
       ('tt2380307', 15),
       ('tt2380307', 13),
       ('tt2380307', 17),
       ('tt23849204', 18),
       ('tt23849204', 2),
       ('tt2582802', 2),
       ('tt2582802', 13),
       ('tt4154756', 6),
       ('tt4154756', 14),
       ('tt4154756', 16),
       ('tt4154796', 6),
       ('tt4154796', 14),
       ('tt4154796', 2),
       ('tt4154796', 16),
       ('tt4633694', 9),
       ('tt4633694', 6),
       ('tt4633694', 14),
       ('tt4633694', 3),
       ('tt4633694', 10),
       ('tt4633694', 15),
       ('tt4633694', 16),
       ('tt5311514', 9),
       ('tt5311514', 2),
       ('tt5311514', 15),
       ('tt5311514', 7),
       ('tt6751668', 2),
       ('tt6751668', 8),
       ('tt7286456', 11),
       ('tt7286456', 2),
       ('tt7286456', 8),
       ('tt8267604', 2),
       ('tt9362722', 9),
       ('tt9362722', 6),
       ('tt9362722', 14),
       ('tt9362722', 15),
       ('tt9362722', 16)
ON CONFLICT DO NOTHING;

insert into "user" (username, first_name, last_name, email, phone_number, birth_date)
values ('user1', 'John', 'Doe', 'john.doe@example.com', '1234567890', '1990-01-15'),
       ('user2', 'Jane', 'Smith', 'jane.smith@example.com', '9876543210', '1985-04-20'),
       ('user3', 'Robert', 'Johnson', 'robert.j@example.com', '5555555555', '1982-09-10'),
       ('user4', 'Amanda', 'Lee', 'amanda.lee@example.com', '1112223333', '1995-06-05'),
       ('user5', 'Chris', 'Brown', 'chris.b@example.com', '9998887777', '1988-12-25'),
       ('user6', 'Emily', 'White', 'emily.white@example.com', '4443332222', '1993-03-03'),
       ('user7', 'Daniel', 'Miller', 'daniel.m@example.com', '7777777777', '1979-07-01'),
       ('user8', 'Sophie', 'Jones', 'sophie.j@example.com', '6666666666', '1987-11-12'),
       ('user9', 'Michael', 'Davis', 'michael.d@example.com', '8888888888', '1992-02-18'),
       ('user10', 'Olivia', 'Taylor', 'olivia.t@example.com', '2224446666', '1998-08-08'),
       ('jello123', 'Michael', 'Doe', 'michael.doe@example.com', '12344672190', '2013-01-15'),
       ('fartnite', 'Sat', 'Smith', 'sat.smith@example.com', '9871543210', '2014-04-20'),
       ('guesswhoiam', 'Sam', 'Johnson', 'sam.j@example.com', '5525155515', '2015-09-10'),
       ('dragon_mother', 'Dawg', 'Lee', 'dawg.lee@example.com', '2515405455', '2016-06-05')
ON CONFLICT DO NOTHING;



INSERT INTO favorite (user_id, movie_id, added_date)
VALUES (1, 'tt0021749', '2023-01-10'),
       (2, 'tt0027977', '2023-02-15'),
       (3, 'tt0032553', '2023-03-20'),
       (1, 'tt0027977', '2023-04-05'),
       (2, 'tt0045152', '2023-05-12'),
       (1, 'tt0032553', '2023-07-25'),
       (2, 'tt0032553', '2023-08-01'),
       (3, 'tt0021749', '2023-09-09'),
       (1, 'tt0045152', '2023-10-14'),
       (1, 'tt0050083', '2023-01-10'),
       (2, 'tt0050825', '2023-02-15'),
       (3, 'tt0051201', '2023-03-20'),
       (4, 'tt0054215', '2023-04-05'),
       (5, 'tt0050083', '2023-05-12'),
       (6, 'tt0050825', '2023-06-18'),
       (7, 'tt0056172', '2023-07-25'),
       (8, 'tt0057012', '2023-08-01'),
       (9, 'tt0050083', '2023-09-09'),
       (10, 'tt0050825', '2023-10-14'),
       (1, 'tt0056172', '2023-09-09'),
       (2, 'tt0056172', '2023-09-09'),
       (3, 'tt0056172', '2023-09-09'),
       (4, 'tt0056172', '2023-09-09'),
       (5, 'tt0056172', '2023-09-09'),
       (12, 'tt0051201', '2023-09-09'),
       (12, 'tt0057012', '2023-09-09'),
       (12, 'tt0057565', '2023-09-09'),
       (12, 'tt0060196', '2023-09-09'),
       (12, 'tt0062622', '2023-09-09'),
       (12, 'tt0021749', '2023-09-09'),
       (12, 'tt0027977', '2023-09-09'),
       (12, 'tt0032553', '2023-09-09')
ON CONFLICT DO NOTHING;


INSERT INTO history (user_id, movie_id, watched_date, watched_duration)
VALUES (1, 'tt0021749', '2023-01-15 14:23:45', '1h27m'),
       (2, 'tt0027977', '2023-02-20 09:12:30', '1h27m'),
       (3, 'tt0032553', '2023-03-25 18:45:10', '40m'),
       (1, 'tt0027977', '2023-04-10 11:55:22', '1h'),
       (2, 'tt0021749', '2023-05-18 07:30:00', '1h15m'),
       (3, 'tt0032553', '2023-06-23 20:10:35', '1h30m'),
       (1, 'tt0032553', '2023-07-30 16:20:50', '1h27m'),
       (2, 'tt0027977', '2023-08-05 08:40:25', '1h26m'),
       (3, 'tt0021749', '2023-09-12 14:55:05', '1h20m'),
       (1, 'tt0032553', '2023-10-20 22:15:40', '1h'),

       (5, 'tt0047396', '2023-01-15 13:22:34', '21m'),
       (6, 'tt0027977', '2023-02-20 08:14:47', '30m'),
       (7, 'tt0027977', '2023-04-10 17:55:33', '56m'),
       (2, 'tt0034583', '2023-05-18 12:10:20', '32m'),
       (5, 'tt0038650', '2023-06-23 09:03:12', '1m'),
       (6, 'tt0045152', '2023-07-30 20:30:45', '20m'),
       (9, 'tt0034583', '2023-08-05 11:44:55', '1m'),
       (2, 'tt0021749', '2023-09-12 18:22:16', '45m'),
       (3, 'tt0032553', '2023-10-20 14:55:48', '5m'),
       (1, 'tt0045152', '2023-11-30 19:35:27', '20m'),
       (2, 'tt0045152', '2023-11-05 16:45:32', '1m'),
       (3, 'tt0045152', '2023-11-12 08:22:11', '45m'),
       (7, 'tt0050083', '2023-11-20 10:47:58', '1h'),
       (7, 'tt0044741', '2023-11-20 13:15:44', '1h'),
       (7, 'tt0034583', '2023-11-20 17:25:10', '1h'),

       (9, 'tt0045152', '2023-11-30 11:50:22', '1h'),
       (9, 'tt0045152', '2023-11-05 09:30:17', '1h'),
       (9, 'tt0045152', '2023-11-12 12:45:09', '1h'),
       (9, 'tt0045152', '2023-11-21 18:55:06', '1h40m'),
       (9, 'tt0045152', '2023-11-22 21:22:34', '1h43m'),
       (9, 'tt0045152', '2023-11-23 10:35:44', '1h43m'),

       (9, 'tt0038650', '2023-11-30 14:10:28', '20m'),
       (9, 'tt0038650', '2023-11-05 15:20:13', '1m'),
       (9, 'tt0038650', '2023-11-12 07:30:40', '45m'),
       (9, 'tt0038650', '2023-11-21 19:50:12', '2h10m'),
       (9, 'tt0038650', '2023-11-22 11:22:47', '2h10m'),
       (9, 'tt0038650', '2023-11-23 16:30:55', '2h10m'),
       (9, 'tt0038650', '2023-11-24 17:45:29', '2h10m'),
       (9, 'tt0038650', '2023-11-25 12:50:38', '2h10m'),

       (6, 'tt0044741', '2023-11-30 10:25:14', '20m'),
       (6, 'tt0044741', '2023-11-05 18:10:21', '1m'),
       (6, 'tt0044741', '2023-11-10 13:05:38', '45m'),
       (6, 'tt0044741', '2023-11-11 14:15:52', '2h23m'),
       (6, 'tt0044741', '2023-11-12 17:30:41', '2h23m'),
       (6, 'tt0044741', '2023-11-13 15:20:29', '2h23m'),
       (6, 'tt0044741', '2023-11-14 08:40:10', '2h23m'),
       (6, 'tt0044741', '2023-11-15 09:55:37', '2h23m'),
       (6, 'tt0044741', '2023-11-16 11:30:24', '2h23m')
ON CONFLICT DO NOTHING;



INSERT INTO review (user_id, movie_id, vote, comment, likes, dislikes)
VALUES (1, 'tt0021749', 6, 'It was okay', 10, 2),
       (2, 'tt0027977', 8, 'Beautiful love story', 15, 1),
       (3, 'tt0032553', 10, 'Scared me to death!', 20, 0),
       (1, 'tt0034583', 6, 'Interesting concept', 12, 3),
       (2, 'tt0038650', 8, 'Kept me guessing', 18, 2),
       (3, 'tt0043014', 4, 'Not my cup of tea', 5, 7),
       (1, 'tt0044741', 8, 'Laughed a lot', 14, 1),
       (2, 'tt0045152', 10, 'Mind-blowing', 25, 0),
       (3, 'tt0047396', 6, 'Good historical details', 10, 2),
       (1, 'tt0047478', 8, 'Exciting adventure', 20, 1),

       (1, 'tt0047396', 8, 'It was okay', 17, 1),
       (1, 'tt0045152', 8, 'It was okay', 16, 1),
       (1, 'tt0043014', 8, 'It was okay', 16, 1),
       (1, 'tt0038650', 8, 'It was okay', 17, 1),
       (1, 'tt0032553', 8, 'It was okay', 20, 1),
       (1, 'tt0027977', 8, 'It was okay', 20, 1),
       (1, 'tt0050083', 8, 'It was okay', 20, 1),
       (1, 'tt0050825', 8, 'It was okay', 20, 1),
       (1, 'tt0051201', 8, 'It was okay', 20, 1),
       (1, 'tt0054215', 8, 'It was okay', 20, 1),
       (1, 'tt0056058', 8, 'It was okay', 20, 1)
ON CONFLICT DO NOTHING;

INSERT INTO payment_method (payment_method_id, name, description, is_active)
VALUES (1, 'Credit Card', 'Secure online payment', true),
       (2, 'PayPal', 'Fast and easy payment', true),
       (3, 'Bitcoin', 'Cryptocurrency payment', true)
ON CONFLICT DO NOTHING;

INSERT INTO "transaction" (user_id, movie_id, purchase_date, payment_method)
VALUES (1, 'tt0021749', '2023-01-15 08:23:45', 1),
       (2, 'tt0044741', '2023-02-20 14:05:32', 2),
       (3, 'tt0032553', '2023-03-25 19:47:21', 3),
       (1, 'tt0027977', '2023-04-10 11:30:15', 1),
       (2, 'tt0032553', '2023-05-18 06:18:55', 2),
       (2, 'tt0027977', '2023-08-05 09:03:10', 2),
       (3, 'tt0021749', '2023-09-12 16:45:33', 3),
       (1, 'tt0032553', '2023-10-20 20:25:50', 1),
       (5, 'tt0047396', '2023-01-15 10:15:30', 1),
       (6, 'tt0027977', '2023-02-20 12:45:22', 2),
       (4, 'tt0045152', '2023-03-25 14:32:10', 3),
       (7, 'tt0027977', '2023-04-10 09:18:47', 1),
       (2, 'tt0038650', '2023-05-18 17:23:14', 1),
       (5, 'tt0034583', '2023-06-23 11:45:08', 1),
       (6, 'tt0045152', '2023-07-30 20:55:33', 1),
       (9, 'tt0038650', '2023-08-05 16:37:52', 1),
       (2, 'tt0045152', '2023-09-12 08:29:45', 1),
       (9, 'tt0027977', '2023-11-27 13:22:37', 1),
       (2, 'tt0043014', '2023-11-28 07:50:25', 1),
       (9, 'tt0044741', '2023-11-29 21:33:19', 1),
       (2, 'tt0038650', '2023-11-26 05:12:48', 2)
ON CONFLICT DO NOTHING;